rank,uri,artist_names,track_name,source,peak_rank,previous_rank,weeks_on_chart,streams
1,"spotify:track:2plbrEY59IikOBgBGLjaoe","Lady Gaga, Bruno Mars","Die With A Smile","Interscope",1,1,4,"74988392"
2,"spotify:track:6dOtVTDdiauQNBQEDOtlAB","Billie Eilish","BIRDS OF A FEATHER","Darkroom/Interscope Records",1,2,17,"56949755"
3,"spotify:track:5G2f63n7IPVPPjfNIGih7Q","Sabrina Carpenter","Taste","Island Records",3,3,3,"49847514"
4,"spotify:track:7tI8dRuH2Yc6RuoTjxo4dU","Jimin","Who","BIGHIT MUSIC",1,4,8,"45431448"
5,"spotify:track:2qSkIjg1o9h3YT9RAgYN75","Sabrina Carpenter","Espresso","Island Records",1,5,22,"44982843"
6,"spotify:track:2PnlsTsOTLE5jnBnNe2K0A","Linkin Park","The Emptiness Machine","Warner Records",6,-1,1,"40062088"
7,"spotify:track:5N3hjp1WNayUPZrA8kJmJP","Sabrina Carpenter","Please Please Please","Island Records",1,6,14,"37675702"
8,"spotify:track:6WatFBLVB0x077xWeoVc2k","KAROL G","Si Antes Te Hubiera Conocido","Bichota/Interscope Records",5,7,12,"37000121"
9,"spotify:track:0WbMK4wrZ1wFSty9F7FCgu","Chappell Roan","Good Luck, Babe!","Chappell Roan PS/ Island",6,8,22,"36069405"
10,"spotify:track:3xkHsmpQCBMytMJNiDf3Ii","Benson Boone","Beautiful Things","Night Street Records, Inc./Warner Records Inc.",1,10,34,"27696384"
11,"spotify:track:1UHS8Rf6h5Ar3CDWRd3wjF","Sabrina Carpenter","Bed Chem","Island Records",9,9,3,"27358397"
12,"spotify:track:5fZJQrFKWQLb7FpJXZ1g7K","Shaboozey","A Bar Song (Tipsy)","American Dogwood / EMPIRE",6,13,22,"24129785"
13,"spotify:track:5Z0UnEtpLDQyYlWwgi8m9C","Hozier","Too Sweet","Columbia",2,12,25,"23853332"
14,"spotify:track:17phhZDn6oGtzMe56NuWvj","Teddy Swims","Lose Control","Warner Records",5,14,44,"23142136"
15,"spotify:track:2ZqTbIID9vFPTXaGyzbb4q","Megan Thee Stallion, RM","Neva Play (feat. RM of BTS)","Hot Girl Productions",15,-1,1,"22837001"
16,"spotify:track:0OA00aPt3BV10qeMIs3meW","Hanumankind, Kalmi","Big Dawgs","Universal Music India Pvt Ltd.",7,11,7,"22307677"
17,"spotify:track:3WOhcATHxK2SLNeP5W3v1v","Charli xcx, Billie Eilish","Guess featuring Billie Eilish","Atlantic Records",5,15,6,"21499223"
18,"spotify:track:5IZXB5IKAD2qlvTPJYDCFB","Post Malone, Morgan Wallen","I Had Some Help (Feat. Morgan Wallen)","Mercury Records / Republic Records",3,17,18,"21000225"
19,"spotify:track:2esZG2XFtuoWWA9AfDvSxy","FloyyMenor, Cris Mj","Gata Only","FloyyMenor under exclusive license to UnitedMasters LLC",3,16,31,"20957689"
20,"spotify:track:7CyPwkp0oE8Ro9Dd5CUDjW","The Weeknd, JENNIE, Lily-Rose Depp","One Of The Girls (with JENNIE, Lily Rose Depp)","XO / Republic Records",3,24,49,"20354637"
21,"spotify:track:6AI3ezQ4o3HUoP6Dhudph3","Kendrick Lamar","Not Like Us","Kendrick Lamar, under exclusive license to Interscope Records",2,22,19,"20155444"
22,"spotify:track:2QjOHCTQ1Jl3zawyYOpxh6","The Neighbourhood","Sweater Weather","Columbia",19,32,211,"20132031"
23,"spotify:track:5QjmUqgpPQgXgg4606DqZF","Kapo","UWAIE","Sony Music Latin/La Industria",19,19,4,"19678011"
24,"spotify:track:62bOmKYxYg7dhrC6gH9vFn","*NSYNC","Bye Bye Bye - From Deadpool and Wolverine Soundtrack","Jive",10,18,7,"19666153"
25,"spotify:track:5AJ9hqTS2wcFQCELCFRO7A","Tommy Richman","MILLION DOLLAR BABY","PULSE Records",1,20,20,"19604921"
26,"spotify:track:3hRV0jL3vUpRrcy398teAU","Lord Huron","The Night We Met","IAMSOUND",20,27,99,"19299487"
27,"spotify:track:5XeFesFbtLpXzIVDNQP22n","Arctic Monkeys","I Wanna Be Yours","Domino Recording Co",15,31,114,"19267668"
28,"spotify:track:51ZQ1vr10ffzbwIjDCwqm4","Ariana Grande","we can't be friends (wait for your love)","Republic Records",1,25,27,"19101882"
29,"spotify:track:2nLtzopw4rPReszdYBJU6h","Linkin Park","Numb","Warner Records",29,141,28,"18325837"
30,"spotify:track:4xdBrk0nFZaP54vvZj0yx7","Chappell Roan","HOT TO GO!","Chappell Roan PS/ Island",25,30,13,"17974752"
31,"spotify:track:1BJJbSX6muJVF2AK7uH1x4","Adam Port, Stryv, Keinemusik, Orso, Malachiii","Move","Keinemusik",19,23,13,"17798723"
32,"spotify:track:3AJwUDP919kvQ9QcozQPxg","Coldplay","Yellow","Parlophone UK",32,41,195,"17755777"
33,"spotify:track:7ov3TDp5D00Rnu5R1viX4w","LISA, ROSALÍA","New Woman (feat. ROSALÍA)","Lloud Co./RCA Records",9,28,4,"17717487"
34,"spotify:track:3qhlB30KknSejmIvZZLjOD","Djo","End of Beginning","Djo",3,29,30,"17586099"
35,"spotify:track:2uqYupMHANxnwgeiXTZXzd","Dasha","Austin (Boots Stop Workin')","Warner Records",20,36,27,"17527007"
36,"spotify:track:3JG1uFc40wfyrqaWC7iv0e","Artemas","i like the way you kiss me","Artemas",1,39,25,"17521898"
37,"spotify:track:1BxfuPKGuaTgP7aM0Bbdwr","Taylor Swift","Cruel Summer","Taylor Swift",2,33,84,"17499918"
38,"spotify:track:5496lks6V3fh1mZAB6IAap","Sevdaliza, Pabllo Vittar, Yseult","Alibi (with Pabllo Vittar & Yseult)","Twisted Elegance",12,26,11,"17233097"
39,"spotify:track:3QaPy1KgI7nu9FJEQUgn6h","Billie Eilish","WILDFLOWER","Darkroom/Interscope Records",15,38,17,"17221827"
40,"spotify:track:3Vr3zh0r7ALn8VLqCiRR10","Myles Smith","Stargazing","RCA Records Label",16,34,18,"17182877"
41,"spotify:track:102YUQbYmwdBXS7jwamI90","Sabrina Carpenter","Good Graces","Island Records",11,21,3,"16433637"
42,"spotify:track:51rfRCiUSvxXlCSCfIztBy","Gracie Abrams","I Love You, I'm Sorry","Gracie Abrams, under exclusive license to Interscope Records",42,43,6,"16263136"
43,"spotify:track:42VsgItocQwOQC3XWZ8JNA","Travis Scott, Playboi Carti","FE!N (feat. Playboi Carti)","Cactus Jack/Epic",5,46,52,"16018971"
44,"spotify:track:7bywjHOc0wSjGGbj04XbVi","Feid, ATL Jacob","LUNA","UMLE - Latino",9,40,40,"15993441"
45,"spotify:track:42wdz3j7gstgUuhoFLCXqd","FloyyMenor","PELIGROSA","FloyyMenor under exclusive license to UnitedMasters LLC",45,56,5,"15782151"
46,"spotify:track:0UYnhUfnUj5adChuAXvLUB","Gigi Perez","Sailor Song","Gigi Perez",46,65,4,"15780661"
47,"spotify:track:6Qyc6fS4DsZjB2mRW9DsQs","The Goo Goo Dolls","Iris","Warner Records",40,50,54,"15643697"
48,"spotify:track:2aYZaN5SmkRDLsrrV8GkBQ","Peso Pluma, Neton Vega","LA PATRULLA","2024 Double P Records",48,52,12,"15160115"
49,"spotify:track:2gmd7lY3QSzLh0xIY4cRvi","Maisak, Feid","SE ME OLVIDA","Universal Music Latino",35,35,3,"14752376"
50,"spotify:track:7KA4W4McWYRpgf0fWsJZWB","Tyler, The Creator, Kali Uchis","See You Again (feat. Kali Uchis)","Columbia",16,53,81,"14719984"
51,"spotify:track:2HRgqmZQC0MC7GeNuDIXHN","Jung Kook, Latto","Seven (feat. Latto) (Explicit Ver.)","BIGHIT MUSIC",1,47,61,"14717237"
52,"spotify:track:7zOVh5fGpEwSbZd0g9z80B","Bernadya","Satu Bulan","Juni Records",48,48,5,"14594291"
53,"spotify:track:1XBYiRV30ykHw5f4wm6qEn","The Kid LAROI","NIGHTS LIKE THIS","Columbia",42,42,12,"14416121"
54,"spotify:track:51eSHglvG1RJXtL3qI5trr","Benson Boone","Slow It Down","Night Street Records, Inc./Warner Records Inc.",27,49,25,"14278069"
55,"spotify:track:1Qrg8KqiBpW07V7PNxwwwL","SZA","Kill Bill","Top Dawg Entertainment/RCA Records",1,62,92,"13803022"
56,"spotify:track:1fTjqf10accJCDYstPwwZ6","Kapo","Ohnana","Sony Music Latin/La Industria",39,45,8,"13599607"
57,"spotify:track:0B7wvvmu9EISAwZnOpjhNI","Bruno Mars","When I Was Your Man","Atlantic Records",38,64,98,"13536605"
58,"spotify:track:7MXVkk9YMctZqd1Srtv4MB","The Weeknd, Daft Punk","Starboy","Universal Republic Records",1,75,206,"13493349"
59,"spotify:track:7jtQIBanIiJOMS6RyCx6jZ","Tom Odell","Another Love","ITNO/Columbia",15,68,179,"13484158"
60,"spotify:track:7BRD7x5pt8Lqa1eGYC4dzj","Billie Eilish","CHIHIRO","Darkroom/Interscope Records",5,61,17,"13423852"
61,"spotify:track:331l3xABO0HMr1Kkyh2LZq","David Guetta, OneRepublic","I Don't Wanna Wait","Parlophone UK",34,67,22,"13288039"
62,"spotify:track:3vkCueOmm7xQDoJ17W1Pm3","Mitski","My Love Mine All Mine","Dead Oceans",3,69,51,"13253649"
63,"spotify:track:6X6m4xmdFcz31p1h7Qg68c","Tito Double P","EL LOKERON","2024 Double P Records",63,173,2,"13202873"
64,"spotify:track:60a0Rd6pjrkxjPbaKzXjfq","Linkin Park","In the End","Warner Records",22,-1,57,"13122442"
65,"spotify:track:4SqWKzw0CbA05TGszDgMlc","The Walters","I Love You So","Warner Records",21,85,122,"13061222"
66,"spotify:track:6RUKPb4LETWmmr3iAEQktW","The Chainsmokers, Coldplay","Something Just Like This","Disruptor Records/Columbia",2,77,224,"12990428"
67,"spotify:track:21B4gaTWnTkuSh77iWEXdS","Sabrina Carpenter","Juno","Island Records",23,37,3,"12974131"
68,"spotify:track:4gxEY3Mh5FZZDAJAKPNrCS","LE SSERAFIM","CRAZY","SOURCE MUSIC",58,58,2,"12960695"
69,"spotify:track:19RybK6XDbAVpcdxSbZL1o","Charli xcx","Apple","Atlantic Records",28,44,8,"12942904"
70,"spotify:track:0mflMxspEfB0VbI1kyLiAv","Noah Kahan","Stick Season","Mercury Records/Republic Records",6,66,49,"12936248"
71,"spotify:track:629DixmZGHc7ILtEntuiWE","Billie Eilish","LUNCH","Darkroom/Interscope Records",1,59,17,"12905919"
72,"spotify:track:0VjIjW4GlUZAMYd2vXMi3b","The Weeknd","Blinding Lights","Republic Records",1,82,250,"12842532"
73,"spotify:track:2hrycoFU1mZw6YPvMcn8yC","Jordan Adetunji","KEHLANI","300 Entertainment",36,51,12,"12815300"
74,"spotify:track:4S1VYqwfkLit9mKVY3MXoo","Alphaville","Forever Young","WM Germany",54,57,8,"12783506"
75,"spotify:track:5AH31dDNgxCMGDdxubNNn4","Fuerza Regida","NEL","Rancho Humilde/Street Mob Records",55,55,5,"12741592"
76,"spotify:track:4Yf5bqU3NK4kNOypcrLYwU","Linkin Park","Faint","Warner Records",76,-1,2,"12733778"
77,"spotify:track:0rtDE9zfXbamTlRUSwY7zy","Mark Ambor","Belong Together","Hundred Days Records, LLC",19,71,24,"12603958"
78,"spotify:track:2btNsI4OvcVl7SAHQQDHFB","Blessd, Ovy On The Drums","Mirame","WEA Latina",38,74,11,"12601164"
79,"spotify:track:2OzhQlSqBEmt7hmkYxfT6m","Taylor Swift, Post Malone","Fortnight (feat. Post Malone)","Taylor Swift",1,73,21,"12530005"
80,"spotify:track:5lKFO0PrOC9jmOlPEdjHsL","Tito Double P, Peso Pluma","DOS DÍAS","2024 Double P Records",80,110,2,"12442602"
81,"spotify:track:1C84d9abZVKWHT2YYpoean","Luis R Conriquez, Neton Vega","Si No Quieres No","Kartel Music",28,78,22,"12359747"
82,"spotify:track:5Uptvz6j1sjDKxidAcnH2L","Cris Mj","SI NO ES CONTIGO","Sonar LLC.",33,70,16,"12251850"
83,"spotify:track:4Dvkj6JhhA12EX05fT7y2e","Harry Styles","As It Was","Columbia",1,79,128,"12079360"
84,"spotify:track:2N0SPREDYqILVEFSsWF5N5","V","Love Me Again","BIGHIT MUSIC",11,130,57,"11855985"
85,"spotify:track:5g7sDjBhZ4I3gcFIpkrLuI","Bruno Mars","Locked out of Heaven","Atlantic Records",32,95,118,"11831088"
86,"spotify:track:6me7F0aaZjwDo6RJ5MrfBD","Richy Mitch & The Coal Miners","Evergreen","Richy Mitch & The Coal Miners",40,116,35,"11709421"
87,"spotify:track:1k2pQc5i348DCHwbn5KTdc","Chappell Roan","Pink Pony Club","Chappell Roan PS/ Island",69,83,11,"11602859"
88,"spotify:track:1JSTJqkT5qHq8MDJnJbRE1","The Police","Every Breath You Take","Polydor Records",77,118,144,"11584647"
89,"spotify:track:6a9Z1jUms915w4O7N1PxjY","Rvssian, Rauw Alejandro, Ayra Starr","Santa","Sony Music Latin",14,76,21,"11566091"
90,"spotify:track:46IZ0fSY2mpAiktS3KOqds","Adele","Easy On Me","Columbia",1,93,94,"11533529"
91,"spotify:track:3xKsf9qdS1CyvXSMEid6g8","Frank Ocean","Pink + White","Boys Don't Cry",69,86,69,"11529792"
92,"spotify:track:58ge6dfP91o9oXMzq3XkIS","Arctic Monkeys","505","Domino/Warner Records",43,106,140,"11511457"
93,"spotify:track:7BqBn9nzAq8spo5e7cZ0dJ","Bruno Mars","Just the Way You Are","Atlantic Records",39,108,88,"11508598"
94,"spotify:track:2LBqCSwhJGcFQeTHMVGwy3","The Weeknd","Die For You","Universal Republic Records",12,112,135,"11465163"
95,"spotify:track:5RKQ5NdjSh2QzD4MaunT91","Journey","Don't Stop Believin' (2022 Remaster)","Columbia/Legacy",89,103,28,"11350696"
96,"spotify:track:2gcMYiZzzmzoF8PPAfL3IO","Bernadya","Untungnya, Hidup Harus Tetap Berjalan","Juni Records",96,115,3,"11346398"
97,"spotify:track:5O2P9iiztwhomNh8xkR9lJ","One Direction","Night Changes","Syco Music",79,100,98,"11319796"
98,"spotify:track:2WfaOiMkCvy7F5fcp2zZ8L","a-ha","Take on Me","Rhino",56,81,48,"11291541"
99,"spotify:track:7qEHsqek33rTcFNT9PFqLf","Lewis Capaldi","Someone You Loved","Vertigo Berlin",4,113,296,"11269697"
100,"spotify:track:1CDQzbCz4KSQxHe7LMEgRM","Eminem","Houdini","Shady/Aftermath/Interscope Records",2,80,15,"11269636"
101,"spotify:track:3rUGC1vUpkDG9CZFHMur1t","Tate McRae","greedy","RCA Records Label",1,91,52,"11247246"
102,"spotify:track:3U5JVgI2x4rDyHGObzJfNf","Natasha Bedingfield","Unwritten","Sony Music CG",16,98,35,"11245935"
103,"spotify:track:3kXoKlD84c6OmIcOLfrfEs","Earth, Wind & Fire","September","Columbia/Legacy",103,129,25,"11232867"
104,"spotify:track:3tt9i3Hhzq84dPS8H7iSiJ","Manuel Turizo","La Bachata","Sony Music Latin/La Industria",4,96,115,"11225394"
105,"spotify:track:0yc6Gst2xkRu0eMLeRMGCX","Cigarettes After Sex","Apocalypse","Partisan Records",79,107,113,"11183134"
106,"spotify:track:4MSj19TwYBLgDFj3ddEeco","Lost Frequencies, Tom Odell","Black Friday (pretty like the sun)","UROK",82,99,7,"11175606"
107,"spotify:track:1mea3bSkSGXuIRvnydlB5b","Coldplay","Viva La Vida","Parlophone UK",31,72,107,"11150079"
108,"spotify:track:5RqSsdzTNPX1uzkmlHCFvK","KAROL G, Peso Pluma","QLONA","Bichota/Interscope Records",5,84,57,"11080738"
109,"spotify:track:2Lumsra3kuU61wXkEKzKaK","Surf Curse","Disco","Surf Curse",109,197,2,"11060976"
110,"spotify:track:6dgUya35uo964z7GZXM07g","Sabrina Carpenter","Nonsense","Island Records",17,87,86,"11014106"
111,"spotify:track:1bjeWoagtHmUKputLVyDxQ","SZA","Saturn","Top Dawg Entertainment/RCA Records",17,92,29,"10964886"
112,"spotify:track:4KULAymBBJcPRpk1yO4dOG","Zach Bryan, Kacey Musgraves","I Remember Everything (feat. Kacey Musgraves)","Warner Records",20,105,55,"10964153"
113,"spotify:track:5oIVNm56t6OIf9ZjdEG3ud","Sabrina Carpenter","Coincidence","Island Records",28,54,3,"10959717"
114,"spotify:track:70LcF31zb1H0PyJoS1Sx1r","Radiohead","Creep","XL Recordings",114,127,42,"10952065"
115,"spotify:track:2KslE17cAJNHTsI2MI0jb2","Jung Kook","Standing Next to You","BIGHIT MUSIC",1,90,44,"10817066"
116,"spotify:track:5lkpeJwmQKgY3bX2zChjxX","Adele","Someone Like You","XL Recordings",38,121,17,"10806070"
117,"spotify:track:0h3Xy4V4apMraB5NuM8U7Z","CYRIL","Stumblin' In","Spinnin' Records",60,89,25,"10731228"
118,"spotify:track:0u2P5u6lvoDfwTYjAADbn4","Billie Eilish, Khalid","lovely (with Khalid)","Darkroom",24,135,334,"10694371"
119,"spotify:track:161DnLWsx1i3u1JT05lzqU","Bruno Mars","Talking to the Moon","Atlantic Records",45,185,58,"10679824"
120,"spotify:track:1zi7xx7UVEFkmKfv06H8x0","Drake, Wizkid, Kyla","One Dance","Cash Money Records/Young Money Ent./Universal Rec.",12,123,211,"10676021"
121,"spotify:track:4q5YezDOIPcoLr8R81x9qy","Taylor Swift","I Can Do It With a Broken Heart","Taylor Swift",5,97,21,"10664571"
122,"spotify:track:0JXXNGljqupsJaZsgSbMZV","Miguel","Sure Thing","Jive",14,143,78,"10627513"
123,"spotify:track:5uCax9HTNlzGybIStD3vDh","James Arthur","Say You Won't Let Go","Columbia",7,146,323,"10613313"
124,"spotify:track:7j4OmvkjRz0PrjFADlHfQx","Adele","Set Fire to the Rain","XL Recordings",61,114,73,"10611868"
125,"spotify:track:567e29TDzLwZwfDuEpGTwo","The Kid LAROI, Justin Bieber","STAY (with Justin Bieber)","Columbia",1,111,157,"10560624"
126,"spotify:track:3Pbp7cUCx4d3OAkZSCoNvn","Michael Marcagi","Scared To Start","Warner Records",25,124,32,"10530848"
127,"spotify:track:3eekarcy7kvN4yt5ZFzltW","Travis Scott","HIGHEST IN THE ROOM","Cactus Jack/Epic",1,179,96,"10484295"
128,"spotify:track:0RiRZpuVRbi7oqRdSMwhQY","Post Malone, Swae Lee","Sunflower - Spider-Man: Into the Spider-Verse","Republic Records",1,128,301,"10415062"
129,"spotify:track:3KZCP2StVGdWkOKyRZNWA4","Plan B","Es un Secreto","Pina Records",109,151,45,"10373628"
130,"spotify:track:6aJn7Cst74cj4lNIiPRgav","KATSEYE","Touch","HYBE/Geffen",130,155,2,"10352779"
131,"spotify:track:2tpWsVSb9UEmDRxAl1zhX1","OneRepublic","Counting Stars","Mosley / Interscope",86,149,178,"10339354"
132,"spotify:track:3B54sVLJ402zGa6Xm4YGNe","French Montana, Swae Lee","Unforgettable","Bad Boy Entertainment/Epic Records",3,133,106,"10302327"
133,"spotify:track:3dYD57lRAUcMHufyqn9GcI","Hozier","Take Me to Church","Columbia",108,144,158,"10241573"
134,"spotify:track:3hUxzQpSfdDqwM3ZTFQY0K","Taylor Swift","august","Taylor Swift",11,101,70,"10233743"
135,"spotify:track:1pymWRCuZfCd0zdiBJo0Hj","Trueno","REAL GANGSTA LOVE","Sony Music Latin",13,102,15,"10217239"
136,"spotify:track:4ZJ4vzLQekI0WntDbanNC7","Zach Bryan","Pink Skies","Warner Records",21,120,16,"10213795"
137,"spotify:track:5LhI8m7n8xlQmNe3b7Rwis","Natanael Cano, Oscar Maydon","Madonna","WEA Latina",18,134,27,"10208781"
138,"spotify:track:5kDgJffgJ0lYHTSiaXFWNw","The Kid LAROI","BABY I'M BACK","Columbia",138,145,2,"10181149"
139,"spotify:track:7FOgcfdz9Nx5V9lCNXdBYv","Chappell Roan","Red Wine Supernova","Chappell Roan PS/ Island",80,117,14,"10100153"
140,"spotify:track:5b3XJ1pjrHO5JtY2PcTjnI","Megan Thee Stallion, Yuki Chiba","Mamushi (feat. Yuki Chiba)","Hot Girl Productions",41,109,10,"10086676"
141,"spotify:track:5qqabIl2vWzo9ApSC317sa","Oasis","Wonderwall - Remastered","Big Brother Recordings Ltd",63,63,105,"10077440"
142,"spotify:track:4uUG5RXrOk84mYEfFvj3cK","David Guetta, Bebe Rexha","I'm Good (Blue)","Parlophone UK",2,140,107,"10059774"
143,"spotify:track:3K4HG9evC7dg3N0R9cYqk4","Linkin Park","One Step Closer","Warner Records",104,-1,2,"10053081"
144,"spotify:track:6MzofobZt2dm0Kf1hTThFz","Addison Rae","Diet Pepsi","Columbia",144,195,2,"10045742"
145,"spotify:track:2LawezPeJhN4AWuSB0GtAU","Creedence Clearwater Revival","Have You Ever Seen The Rain","Craft Recordings",75,150,56,"10025136"
146,"spotify:track:3hxIUxnT27p5WcmjGUXNwx","Hotel Ugly","Shut up My Moms Calling","Hotel Ugly, under exclusive license to Amuseio AB",78,125,88,"10021473"
147,"spotify:track:003vvx7Niy0yvhvHt4a68B","The Killers","Mr. Brightside","Island Records",94,170,141,"10016120"
148,"spotify:track:4bw8mcDUSRWfQo63ZTYRnU","Maluma, Carin Leon","Según Quién","Sony Music Latin",17,153,41,"9995476"
149,"spotify:track:5qaEfEh1AtSdrdrByCP7qR","Imagine Dragons","Demons","Kid Ina Korner / Interscope",111,200,94,"9982083"
150,"spotify:track:3iPIDAFybaoyqX7hvAfWkl","Sabrina Carpenter","Sharpest Tool","Island Records",25,60,3,"9837418"
151,"spotify:track:3CRDbSIZ4r5MsZ0YwxuEkn","Twenty One Pilots","Stressed Out","Fueled By Ramen",63,199,48,"9809291"
152,"spotify:track:3dj4wgM3cPeuLwMNHDuBon","Teddy Swims","The Door","Warner Records",152,158,3,"9807394"
153,"spotify:track:6dBUzqjtbnIa1TwYbyw5CM","TV Girl","Lovers Rock","TV Girl",100,161,64,"9805330"
154,"spotify:track:1FEiijYPJtyswChfcpv3p0","Lana Del Rey","Summertime Sadness","Urban",83,147,109,"9770013"
155,"spotify:track:6VObnIkLVruX4UVyxWhlqm","Adele","Skyfall","XL Recordings/Columbia",152,152,6,"9763866"
156,"spotify:track:6HrALJOMsfPCCbUo5cJCON","Tito Double P, Chino Pacas","ESCAPATE","2024 Double P Records",156,-1,1,"9760643"
157,"spotify:track:4aVuWgvD0X63hcOCnZtNFA","TOTO","Hold the Line","Columbia",157,194,5,"9750966"
158,"spotify:track:6wf7Yu7cxBSPrRlWeSeK0Q","Billie Eilish","What Was I Made For? [From The Motion Picture ""Barbie""]","Darkroom/Interscope Records",3,166,61,"9717035"
159,"spotify:track:2a1o6ZejUi8U3wzzOtCOYw","Don Omar, Lucenzo","Danza Kuduro","UMLE - Machete",91,162,50,"9698843"
160,"spotify:track:2SiXAy7TuUkycRVbbWDEpo","AC/DC","You Shook Me All Night Long","Columbia",152,160,12,"9686823"
161,"spotify:track:3ZOEytgrvLwQaqXreDs2Jx","Red Hot Chili Peppers","Can't Stop","Warner Records",161,-1,1,"9679381"
162,"spotify:track:3GCdLUSnKSMJhs4Tj6CV3s","Kendrick Lamar, SZA","All The Stars (with SZA)","Black Panther (TDE/DMG) PS",2,191,67,"9669980"
163,"spotify:track:22skzmqfdWrjJylampe0kt","Macklemore & Ryan Lewis, Macklemore, Ryan Lewis, Ray Dalton","Can't Hold Us (feat. Ray Dalton)","Macklemore",86,172,131,"9633190"
164,"spotify:track:505v13epFXodT9fVAJ6h8k","KAROL G","AMARGURA","Universal Music Latino",53,132,69,"9632344"
165,"spotify:track:4QNpBfC0zvjKqPJcyqBy9W","Pitbull, AFROJACK, Ne-Yo, Nayer","Give Me Everything (feat. Nayer)","Mr.305/Polo Grounds Music/J Records",127,177,18,"9582962"
166,"spotify:track:2uXlHCUbq9OMUwx3hrk06o","Vance Joy","Riptide","Atlantic Records",30,159,187,"9550803"
167,"spotify:track:1imaIe1NEAaWnLF0BY0V6F","Dionela, Jay R","sining (feat. Jay R)","Universal Music Philippines Inc.",72,94,8,"9531153"
168,"spotify:track:7EkWXAI1wn8Ii883ecd9xr","Surf Curse","Freaks","Surf Curse",55,-1,59,"9521477"
169,"spotify:track:0pqnGHJpmpxLKifKRmU6WP","Imagine Dragons","Believer","Kid Ina Korner / Interscope",16,183,392,"9501411"
170,"spotify:track:2jPCbFrFlyGbKgblxub8Lm","The Outfield","Your Love","Columbia/Legacy",134,154,20,"9499103"
171,"spotify:track:6vvPecFTmWxDfEJ6cYT1wa","LISA","Rockstar","Lloud Co./RCA Records",14,137,11,"9440695"
172,"spotify:track:4w2GLmK2wnioVnb5CPQeex","Charli xcx","360","Atlantic Records",42,122,14,"9398115"
173,"spotify:track:7lQ8MOhq6IN2w8EYcFNSUk","Eminem","Without Me","Aftermath",31,164,155,"9372946"
174,"spotify:track:1DIXPcTDzTj8ZMHt3PDt8p","Coolio, L.V.","Gangsta's Paradise","Tommy Boy Music, LLC",40,188,87,"9368240"
175,"spotify:track:0ntQJM78wzOLVeCUAW7Y45","Kings of Leon","Sex on Fire","RCA/Legacy",173,181,6,"9356927"
176,"spotify:track:7DSAEUvxU8FajXtRloy8M0","Miley Cyrus","Flowers","Columbia",1,157,87,"9350920"
177,"spotify:track:2Zo1PcszsT9WQ0ANntJbID","Sabrina Carpenter","Feather","Island Records",34,126,41,"9323346"
178,"spotify:track:7l9Tq5phzkLnhWUyfp702G","Kaique e Felipe, Luan Pereira","Saveiro","Sony Music Entertainment",168,168,2,"9315451"
179,"spotify:track:0KKkJNfGyhkQ5aFogxQAPU","Bruno Mars","That's What I Like","Atlantic Records",6,131,109,"9313291"
180,"spotify:track:6GG4yyk3UATdBfTHVgI8PB","Luke Combs","Ain't No Love In Oklahoma (From Twisters: The Album)","Atlantic Records",137,169,7,"9304739"
181,"spotify:track:6IAZHEBUIGJ6NJKxxOBIEr","Adele","Rolling in the Deep","XL Recordings",36,171,35,"9294011"
182,"spotify:track:1zv3WFUbZ5vPxFq9I2jAU1","Rihanna, Calvin Harris","We Found Love","Def Jam Recordings",59,187,80,"9291912"
183,"spotify:track:5aIVCx5tnk0ntmdiinnYvw","Tyla","Water","FAX Records/Epic",12,139,51,"9271842"
184,"spotify:track:1LY3GhF0zxIVgbYEQjCbUO","Disturbed, CYRIL","The Sound of Silence - CYRIL Remix","Reprise",106,174,22,"9198373"
185,"spotify:track:7iUtQNMRB8ZkKC4AmEuCJC","Myke Towers","LA FALDA","WEA Latina",24,186,35,"9161184"
186,"spotify:track:2eAvDnpXP5W0cVtiI0PUxV","Ruth B.","Dandelions","Columbia",34,-1,149,"9129020"
187,"spotify:track:5AnWrUzsrFgBvhn6dUElnr","Sachin-Jigar, Amitabh Bhattacharya, Madhubanti Bagchi, Divya Kumar","Aaj Ki Raat (From ""Stree 2"")","Saregama India Ltd",142,142,3,"9105283"
188,"spotify:track:1RMJOxR6GRPsBHL8qeC2ux","Daniel Caesar, H.E.R.","Best Part (feat. H.E.R.)","Golden Child Recordings",110,-1,15,"9062798"
189,"spotify:track:3LWVXp636uLT356Rj08Jaz","Jimin","Be Mine","BIGHIT MUSIC",67,163,7,"9044264"
190,"spotify:track:7iQXYTyuG13aoeHxGG28Nh","Bad Bunny, Feid","PERRO NEGRO","Rimas Entertainment LLC",4,180,48,"9039237"
191,"spotify:track:4Na2HfNSr58chvfX69fy36","Gunna","one of wun","300 Entertainment",56,156,13,"8971668"
192,"spotify:track:2K7xn816oNHJZ0aVqdQsha","The Neighbourhood","Softcore","Columbia",35,-1,42,"8960177"
193,"spotify:track:3WSOUb3U7tqURbBSgZTrZX","Chappell Roan","Casual","Chappell Roan PS/ Island",123,189,8,"8956021"
194,"spotify:track:2tudvzsrR56uom6smgOcSf","Future, Metro Boomin, Kendrick Lamar","Like That","Wilburn Holding Co./Boominati/Epic/Republic",4,175,25,"8954869"
195,"spotify:track:1xK59OXxi2TAAAbmZK0kBL","d4vd","Romantic Homicide","Darkroom/Interscope Records",17,-1,97,"8944110"
196,"spotify:track:41EOhpn50qvd8iZSKw531W","Peso Pluma, Tito Double P","LOS CUADROS","2024 Double P Records",116,119,4,"8918225"
197,"spotify:track:3WMj8moIAXJhHsyLaqIIHI","Zach Bryan","Something in the Orange","Warner Records",57,165,88,"8876405"
198,"spotify:track:2nMeu6UenVvwUktBCpLMK9","Lana Del Rey","Young And Beautiful","Polydor Records",155,-1,8,"8873578"
199,"spotify:track:4kbj5MwxO1bq9wjT5g9HaA","WALK THE MOON","Shut Up and Dance","RCA Records Label",154,-1,18,"8848982"
200,"spotify:track:3EaJDYHA0KnX88JvDhL9oa","Steve Lacy","Dark Red","Three Quarter",66,-1,117,"8823980"
